Bandit attack: 15 feared killed in Sokoto village - village - Punch Newspapers Punch Newspapers Punch Newspapers,high
youth returning from returning from Armed men amputate Plateau youth returning Armed men amputate Plateau youth returning from burial,medium
Tension as herdsmen shoot two Delta farmers dead,medium
"President Bola Ahmed Tinubu has suspended the Central Bassey Bank of Nigeria, CBN, Governor, Mr Godwin Emefiele from office with immediate effect. According to According to a terse statement by Willie Bassey a terse statement by Willie Bassey Director,…",no
Tension tenure as police occupy Osun LG secretariats over chairmen's tenure secretariats over chairmen's,low
Tension in Anambra community as 'Agunechemba' operatives storm ...,low
Bandits kill 15 farmers in Kebbi - Punch Newspapers,high
"In a recent interview with BusinessDay, Churchill Oboh, acting with BusinessDay, Churchill Oboh, Palm Programme (ESOPP), discussed acting team lead of the Edo State team lead of the Edo State Oil Palm Programme (ESOPP), discussed the progress and impact of the program initiated by Governor…",no
"Over 1,700 killed in boundary, communal clashes in seven years",no
"Police foil kidnap attempt, kill one bandit in Katsina",medium
"Bandits kill two soldiers, others in Benue ambush - Punch Newspapers",high
"10m fine: NFF mum as Lagos FA, Kwara GM clash",no
"In Doctor of Agbarha Otor, Ughelli North of Delta State, three distinguished a momentous event held at the Michael and Cecilia Ibru University in Delta State, three distinguished Nigerians were honoured with honorary Doctor of Agbarha Otor, Ughelli North of Delta State, three distinguished Nigerians were honoured with honorary Doctor of Science…",no
"Bandits kill 19, raze houses in fresh Katsina attack",high
Police investigating community clash – Osun PPRO,no
"The Atamu Social Club of Nigeria, a leading non-profit socio-cultural organization dedicated to the unity and sustainable development of the unity and sustainable development of the Urhobo people, successfully Nigeria, a leading non-profit socio-cultural organization dedicated to the unity and sustainable development of the Urhobo people, successfully concluded its the Urhobo people, successfully Nigeria, a leading non-profit socio-cultural organization dedicated to the unity and sustainable development of the Urhobo people, successfully concluded its 12th Annual Retreat at concluded its 12th Annual Retreat at the…",no
Suspected in fresh Benue herders kill herders kill 43 in 43 in fresh Benue attacks - Punch Newspapers,high
Army condemns viral video alleging attack plan on South-East,no
"Bandits kill two soldiers, others in Benue ambush - Punch Newspapers",high
Bandits kill several vigilantes near Bauchi-Plateau border,high
Police deny fresh herdsmen attack in Benue community,low
"Police foil kidnap attempt, kill one bandit in Katsina",medium
Tension as Delta community curses kidnappers - Punch Newspapers,low
Bandits kill 15 farmers in Kebbi - Punch Newspapers,high
24 houses burnt clash - in Jigawa communal clash - Punch 24 houses burnt clash Newspapers,high
Gunmen kill three in Plateau attack - Punch Newspapers,high
Bandits kill 10 security personnel in Zamfara - Punch Newspapers,high
Ex-generals flag intelligence failure as bandits kill 17 soldiers,high
Tension as Delta community curses kidnappers - Newspapers Delta community curses kidnappers - Newspapers Punch Newspapers,low
Police deny attack in Benue fresh community herdsmen attack in Benue community,low
"Gunmen kill 2, abduct 3 in fresh Plateau attack",medium
"One killed, another arrested in Abia cult clash - Punch Newspapers",medium
"Over 100 killed as Bello Turji, Zamfara guards clash",high
Suspected herders kill 43 in fresh Benue attacks - Punch attacks - Punch Suspected herders kill 43 in fresh Benue attacks - Newspapers Newspapers,high
"President Bola Ahmed Tinubu has suspended the Central Bank of Nigeria, CBN, Governor, Mr Godwin Emefiele from office with immediate effect. According to a terse statement by Willie Bassey Director,…",no
Stray bullet kills 12-year-old boy during attack kills 12-year-old boy during attack boy on Lagos community,low
Tension in Anambra community as 'Agunechemba' operatives storm ...,low
"Security operatives rescue 10 kidnap victims, kill 1 bandit in Katsina",low
"Mr. Nwonyi Polycarp, the Commissioner of Police (CP) for Rivers State, has issued a refrain from… stern warning to the various vigilance groups operating operating in the state, urging them to refrain from…",no
Ex-generals flag intelligence failure as bandits kill 17 soldiers,high
Gunmen kill three in Plateau attack - Punch Newspapers,high
"Tension stalls in PDP: Govs, meeting stalls BoT reconvene as NEC meeting stalls",no
"Police foil kidnap attempt, kill one bandit in Katsina",medium
Tension as herdsmen shoot two Delta farmers dead,medium
"Shiites, soldiers clash in Abuja - Punch Newspapers",low
"No Tinubu's visit, tension in Anambra over Tinubu's visit, APGA clarifies Anambra over Tinubu's visit, APGA",no
Communal clash: Osun gov relaxes curfew to 17 hours,medium
"Bandits kill Katsina security vehicle agents, burn patrol vehicle security vehicle",medium
Tension as police occupy Osun tenure LG secretariats tenure over chairmen's tenure,low
"Bandits kill two soldiers, others in Benue ambush - Punch Newspapers",high
Tension as police occupy Osun LG secretariats over chairmen's tenure,low
"Mr. Nwonyi Polycarp, the Commissioner of Police (CP) for Rivers State, has issued a stern warning to the various vigilance groups operating in the state, urging them to refrain from…",no
Police arrest 46 youths after Ondo cult clash - Punch Newspapers,medium
Tension as Delta community curses kidnappers - Punch Newspapers,low
Tension as police occupy Osun LG secretariats over chairmen's LG secretariats secretariats over over chairmen's tenure,low
kill several vigilantes near Bauchi-Plateau border Bandits kill near Bauchi-Plateau border Bandits several vigilantes near Bauchi-Plateau border,high
Stray bullet kills 12-year-old boy during attack on Lagos community,low
Bandit attack: 15 feared killed in Sokoto village - Punch Newspapers,high
"The Atamu Social Club of Nigeria, a leading non-profit socio-cultural organization dedicated to the unity and sustainable development of the Urhobo people, successfully concluded its 12th Annual Retreat at the…",no
Bandits kill 15 farmers in Kebbi - Punch Newspapers,high
"The Urhobo Arise Group, a non-partisan network of Urhobo dedicated to the socio-economic prosperity and unity of the Urhobo Nation, has congratulated His Royal intelligentsia dedicated to the socio-economic prosperity and unity of the Urhobo Nation, has congratulated His Royal Majesty (HRM) Kingsley to the Emakpo Orereh,…",no
Suspected herders kill 43 in fresh Suspected herders kill 43 attacks in Benue attacks - Punch Newspapers,high
"Buratai town was attacked, not Ex-COAS, Ndume clarifies",medium
"One killed, another arrested in Abia cult clash - Punch Newspapers",medium
Many feared dead in dead in fresh Benue - Punch attack fresh Benue attack - Punch Newspapers,medium
Stray bullet kills 12-year-old boy during attack bullet kills attack bullet kills 12-year-old boy during attack on Lagos 12-year-old boy during attack on Lagos on Lagos community,low
"Buratai town was attacked, not Ex-COAS, Ex-COAS, Ex-COAS, Ndume clarifies",medium
"Students' union, NANS clash over welfare crisis at Lagos college",no
Bandits kill several vigilantes near Bauchi-Plateau border,high
attack in Police deny fresh herdsmen attack in Police deny fresh herdsmen attack in Benue Benue community,low
Bandits kill 10 security personnel in Zamfara - Punch Newspapers,high
"Shiites, soldiers clash in Abuja - Punch Newspapers",low
"Students' union, NANS clash over welfare crisis at Lagos college",no
"President Bola Ahmed Tinubu has declared a state of emergency in Rivers State, citing escalating political tensions and security concerns. The decision, announced in a televised address on Tuesday night,…",medium
Tension as police occupy Osun LG secretariats over chairmen's tenure,low
Stray bullet kills 12-year-old boy during attack on Lagos community,low
"Troops kill bandit, rescue kidnap victim in Plateau forest operation",medium
Stray bullet kills 12-year-old boy attack on Lagos community during attack on Lagos on Lagos community,low
Akeredolu's death probe sparks tension in Ondo - Punch Newspapers,low
Akeredolu's Ondo - Punch death probe sparks tension in Newspapers Ondo - Punch Newspapers,low
"Gunmen kill 2, abduct 3 in fresh attack kill 2, abduct 3 in fresh attack Plateau attack",medium
Bandit attack: 15 feared killed in Sokoto village - Punch Newspapers,high
Police arrest 46 youths after Ondo cult youths after Ondo cult clash - Punch Newspapers,medium
"As part of the 2024 Urhobo Progress Union (UPU) Week celebrations, the Urhobo Consultative Forum (UCF), a non-partisan network of Urhobo intelligentsia dedicated to the socio-economic prosperity and unity of…",no
"10m fine: NFF mum as Lagos FA, Kwara GM clash",no
Bandit attack: 15 killed in feared killed in Sokoto 15 killed in feared killed in Sokoto village village - Punch Newspapers,high
"President Bola Ahmed Tinubu has suspended the Central Bank of Nigeria, CBN, Governor, Mr Godwin Emefiele from office with immediate effect. According to a terse statement by Willie Bassey Director,…",no
Tension as herdsmen shoot two Delta farmers dead,medium
"Tension in PDP: Govs, BoT reconvene as NEC meeting stalls",no
burnt in Jigawa communal clash - Punch 24 houses burnt in Jigawa communal clash - clash - Punch Punch Newspapers,high
Communal clash: Osun gov relaxes curfew to 17 hours,medium
Akeredolu's death probe sparks tension in Ondo - Punch Newspapers,low
Police deny fresh herdsmen attack in Benue community,low
"Gunmen kill 2, abduct 3 in fresh Plateau attack",medium
Armed men amputate Plateau youth returning from burial,medium
"Tension in PDP: Govs, BoT reconvene as NEC meeting stalls",no
"10m fine: NFF mum as Lagos FA, Kwara GM clash",no
Many attack - feared dead fresh Benue attack - in fresh Benue attack - Punch Newspapers,medium
Tension as herdsmen shoot herdsmen shoot two two Delta Delta two two Delta Delta farmers dead,medium
Tension as Delta community curses kidnappers Punch Newspapers - Newspapers Punch Newspapers,low
"One killed, another arrested in Abia cult clash - Punch Newspapers",medium
"Troops kill bandit, rescue kidnap victim in Plateau forest operation",medium
"Shiites, soldiers clash in Abuja - Punch Newspapers",low
Police deny fresh herdsmen attack in Benue community,low
"Shiites, soldiers clash in Abuja - Punch Newspapers",low
Police deny fresh herdsmen fresh attack in Benue fresh herdsmen community,low
"Gunmen kill 2, abduct 3 kill 2, abduct 3 in Plateau attack fresh Plateau attack in Plateau attack fresh Plateau attack",medium
Bandits kill several vigilantes near Bauchi-Plateau border,high
Stray bullet kills 12-year-old boy during attack on Lagos community,low
Tension as police occupy Osun LG secretariats over Osun LG secretariats over chairmen's chairmen's chairmen's chairmen's tenure,low
"Management, was honored with the In a night filled with celebration and recognition, Mr. Edwin Efekokha, Head of Department – Talent & Performance Management, was honored with the prestigious “Execution: In a night filled with celebration and recognition, Mr. Edwin Efekokha, Head of Department – Talent & Performance Management, was honored with the prestigious “Execution: On On Time – Every Time”…",no
Police arrest 46 youths after Ondo cult clash - Punch Newspapers,medium
"No tension in Anambra over Tinubu's visit, APGA clarifies",no
"Tension in PDP: Govs, BoT reconvene as NEC meeting stalls",no
houses burnt 24 houses burnt - Punch Newspapers in Jigawa communal clash - Punch Newspapers,high
Tension as police occupy Osun LG secretariats over chairmen's tenure,low
24 houses burnt in Jigawa communal clash - communal clash - Punch Punch Newspapers clash -,high
"One killed, another arrested in Abia cult clash Abia cult clash - - Punch Newspapers Abia",medium
"Students' union, NANS clash over welfare crisis at Lagos college",no
Many feared dead in fresh Benue attack - Punch Newspapers,medium
Police arrest 46 youths after Ondo cult clash - Punch Newspapers Ondo cult clash - Punch - Punch Newspapers Newspapers,medium
Akeredolu's death in Ondo - Punch Newspapers probe sparks tension in Ondo - Punch in Ondo - Punch Newspapers probe sparks tension Newspapers,low
"Mr. Nwonyi Polycarp, operating in the state, urging them to refrain from… the Commissioner of Police (CP) for for Rivers State, has issued a stern warning to the various vigilance groups operating in the state, urging them to refrain from… Rivers State, has issued a stern warning to the various vigilance groups operating in the state, urging them to refrain from…",no
Army condemns viral video alleging attack plan on South-East,no
"One killed, another arrested in Abia cult clash - Punch Newspapers",medium
"Bandits kill Katsina security agents, burn patrol vehicle",medium
Army condemns viral video alleging attack plan on South-East,no
Akeredolu's death probe sparks tension in Ondo - Punch Newspapers,low
Suspected herders kill 43 in fresh Benue attacks - Punch Newspapers,high
Tension as herdsmen shoot as herdsmen shoot two Delta farmers two Delta farmers dead,medium
"Mr. Nwonyi Polycarp, the Commissioner of Police (CP) for Rivers State, has issued a stern warning to the various vigilance groups state, groups operating in the state, urging urging them to operating in the state, groups operating in the state, urging urging them to refrain from…",no
"One killed, another arrested in Abia cult clash - Punch Newspapers",medium
Bandits kill 10 security personnel in Zamfara - Punch Newspapers,high
"Students' union, NANS clash over welfare crisis at Lagos college",no
"Police foil kidnap attempt, kill one bandit in Katsina",medium
"Security operatives rescue 10 kidnap victims, kill 1 bandit in Katsina",low
Armed men amputate Plateau youth returning from burial,medium
tenure Tension as police occupy Osun LG secretariats over as chairmen's tenure,low
24 houses burnt in Jigawa communal clash - Punch Newspapers,high
"Shiites, soldiers clash in Abuja - Punch Newspapers",low
"As part of the 2024 Urhobo Progress Union (UPU) Week celebrations, the Urhobo Consultative Forum (UCF), a non-partisan network of Urhobo intelligentsia dedicated to the socio-economic prosperity and unity of…",no
"Over 1,700 killed in boundary, communal clashes in 1,700 killed in boundary, communal clashes in seven years seven years killed in boundary, communal clashes",no
"Over boundary, communal clashes in seven 1,700 killed in boundary, communal clashes in boundary, communal clashes in seven seven years",no
Police arrest 46 youths after Ondo cult clash - Punch Newspapers,medium
attack in - Punch Gunmen kill three in Plateau attack in - Punch Newspapers,high
"Plateau attack 3 in fresh Gunmen kill 2, abduct 3 in fresh Plateau attack",medium
"Police foil kidnap attempt, kill one bandit in Katsina",medium
Stray bullet kills 12-year-old boy during attack on Lagos community,low
Bandit attack: 15 feared killed in Sokoto village - Punch Newspapers,high
"Over 100 killed as Bello Turji, Zamfara guards clash",high
"In a recent interview with BusinessDay, Churchill Oboh, acting team lead of the Edo State Oil Palm Programme (ESOPP), discussed the progress and impact of the program initiated by Governor…",no
"Over 1,700 killed in boundary, communal clashes in seven years",no
"Over 100 killed as Bello as Bello Turji, Zamfara guards clash Turji, Zamfara guards guards clash",high
Police arrest 46 youths after Ondo cult clash - Punch Newspapers,medium
"President Bola Ahmed Tinubu has declared a state of emergency in Rivers State, citing escalating political tensions and security concerns. The decision, announced in a televised address on Tuesday night,…",medium
Gunmen kill three in Plateau attack - Punch Newspapers,high
"In a momentous event held at the Michael and Cecilia Ibru University in Agbarha Otor, Ughelli North of Delta State, three distinguished Nigerians were honoured with honorary Doctor of Science…",no
"Security operatives rescue 10 kidnap victims, kill 1 bandit in Katsina",low
Communal clash: Osun Communal clash: Osun gov relaxes curfew to 17 17 gov relaxes curfew to 17 hours,medium
Bandits kill farmers in farmers in Kebbi Kebbi 15 farmers in Kebbi - Punch Newspapers,high
"No tension in Anambra over visit, APGA over Tinubu's visit, APGA clarifies clarifies Tinubu's visit, APGA over Tinubu's visit, APGA clarifies clarifies",no
Tension as Delta as Delta curses kidnappers community curses curses kidnappers community curses kidnappers - Punch Newspapers,low
"Mr. Nwonyi Polycarp, the Commissioner of Police (CP) for Rivers State, Nwonyi Polycarp, the Commissioner of Police (CP) for Rivers State, has issued a stern warning to the various vigilance groups operating in the state, urging them of Police (CP) for Rivers State, has issued a stern warning to the various vigilance to has issued a stern warning to the various vigilance groups operating in the state, urging them of Police (CP) for Rivers State, has issued a stern warning to the various vigilance to refrain from…",no
"In a recent interview with BusinessDay, Churchill Oboh, acting team lead of the Edo State Oil Palm Programme (ESOPP), discussed the progress and impact of the program initiated by Governor…",no
Bandits kill 10 10 Bandits kill security personnel in Zamfara - Punch Newspapers,high
Bandits kill several vigilantes near Bauchi-Plateau border,high
Tension in Anambra community as 'Agunechemba' operatives storm ...,low
"Over 100 as Bello killed Over 100 killed as Bello Turji, as Bello Turji, Zamfara guards clash",high
"No tension in Anambra over Tinubu's visit, APGA clarifies",no
"Over 100 killed as Zamfara guards guards clash Bello Turji, Zamfara guards guards clash",high
"Buratai Ndume clarifies town was attacked, not clarifies Ex-COAS, Ndume clarifies",medium
"Bandits kill two soldiers, others in Benue ambush - Punch Newspapers",high
Tension as herdsmen shoot two Delta farmers dead,medium
"Bandits kill Benue ambush - Newspapers two soldiers, others in Benue ambush - Punch Newspapers",high
"The Urhobo Arise Group, a non-partisan network of Urhobo intelligentsia dedicated to the socio-economic prosperity and unity of the Urhobo Nation, has congratulated His Royal Majesty (HRM) Kingsley Emakpo Orereh,…",no
"Over 1,700 killed in boundary, communal clashes in seven years",no
Police deny fresh herdsmen attack in Benue community,low
Tension as herdsmen as herdsmen shoot shoot Tension as herdsmen as herdsmen shoot shoot two two Delta farmers dead,medium
"In a momentous event held at the Michael and Cecilia Ibru University in Agbarha Otor, Ughelli North of Delta State, three distinguished Nigerians were honoured with honorary Doctor of Science…",no
"Over 1,700 killed in boundary, communal clashes in seven years",no
"President Bola Ahmed Tinubu has declared a state of emergency in Rivers State, citing escalating political tensions and security concerns. The decision, announced in a televised address on Tuesday night,…",medium
Gunmen kill three in Plateau attack - Punch Newspapers,high
Tension as Delta community curses kidnappers - Punch Newspapers,low
Tension in Anambra community as 'Agunechemba' operatives storm ...,low
"In a night filled with celebration and recognition, Mr. Edwin Efekokha, Head of Department – Talent & Performance Management, was honored with the prestigious “Execution: On Time – Every Time”…",no
Akeredolu's death probe sparks tension in Ondo - Punch Newspapers,low
Suspected herders kill 43 in fresh Benue attacks - Punch Newspapers,high
Police deny fresh herdsmen attack in Benue community,low
Bandits kill several vigilantes near Bauchi-Plateau border,high
"Bandits raze houses raze houses in fresh Katsina attack kill 19, raze houses in fresh Katsina attack",high
Tension in Anambra community as 'Agunechemba' operatives storm ...,low
"The Urhobo Arise Group, a non-partisan network of Urhobo intelligentsia dedicated to the socio-economic prosperity and unity of the Urhobo Nation, has congratulated His Royal Majesty (HRM) Kingsley Emakpo Orereh,…",no
Armed men amputate Plateau youth returning from burial,medium
"Students' union, NANS clash over welfare crisis at Lagos college",no
Ex-generals flag intelligence failure as bandits kill 17 soldiers,high
Tension in Anambra community as 'Agunechemba' operatives storm ...,low
Armed men amputate Plateau youth returning from burial,medium
"Over 100 killed as Bello Turji, Zamfara guards clash",high
"In a momentous event held at the Michael and Cecilia Ibru University in Agbarha Otor, Ughelli North of Delta State, three distinguished Nigerians were honoured with honorary Doctor of Science…",no
Tension in Anambra community as 'Agunechemba' operatives storm ...,low
